id,username,url,jev_label,p_reject,p_curious,p_serious,top_prob,typesafe_conf,hand_label,variant_label,q2_believes,q2_dismisses,q2_rule,q2_score,q2_score_fixed
2106146849287774336,x_tambram,https://x.com/x_tambram/status/2106146849287774336,R,0.83,0.02,0.15,0.83,0.74,,,0.15,0.51,R,-0.36,R
2106119761365188749,zex_exe,https://x.com/zex_exe/status/2106119761365188749,S,0,0.01,0.99,0.99,0.98,,,0.7,0.1,S,0.6,S
2106206613946208268,ScopeOfVariable,https://x.com/ScopeOfVariable/status/2106206613946208268,S,0.08,0.15,0.77,0.77,0.66,,,0.5,0.83,C,-0.33,C
2107102483533226055,cmsj,https://x.com/cmsj/status/2107102483533226055,R,0.97,0.02,0.01,0.97,0.95,,,0.18,0.85,R,-0.67,R
2105743969623646292,Tuxsoia,https://x.com/Tuxsoia/status/2105743969623646292,C,0.04,0.84,0.12,0.84,0.76,,,0.4,0.14,C,0.26,C
2104133752473661916,Intrinsic29,https://x.com/Intrinsic29/status/2104133752473661916,S,0.15,0.39,0.45999999999999996,0.45999999999999996,0.19,,,0.09,0.32,C,-0.23,C
2106403714210709596,greeedy22232,https://x.com/greeedy22232/status/2106403714210709596,R,1,0,0,1,1,,,0.06,0.17,C,-0.11,C
2106269863987790230,SilverVVulpes,https://x.com/SilverVVulpes/status/2106269863987790230,S,0,0.15,0.85,0.85,0.77,,,0.68,0.15,S,0.53,S
2105876862299779444,GaryWang28384,https://x.com/GaryWang28384/status/2105876862299779444,R,1,0,0,1,1,,,0.13,0.43,C,-0.3,C
2107486858943103280,pageman,https://x.com/pageman/status/2107486858943103280,R,1,0,0,1,1,,,0.11,0.2,C,-0.09,C
2107105342723174711,secondrealm,https://x.com/secondrealm/status/2107105342723174711,S,0.01,0.12,0.87,0.87,0.8,,,0.49,0.07,C,0.42,S
2106414389586690510,webmasterdave,https://x.com/webmasterdave/status/2106414389586690510,S,0.11,0.33,0.55,0.55,0.33,R,C,0.32,0.43,C,-0.11,C
2106875196468527298,willmcgugan,https://x.com/willmcgugan/status/2106875196468527298,R,0.98,0.02,0,0.98,0.97,R,R,0.13,0.15,C,-0.02,C
2106492743040004381,GregoryBorse,https://x.com/GregoryBorse/status/2106492743040004381,S,0.13,0,0.87,0.87,0.8,,,0.4,0.19,C,0.21,C
2105250582185312585,grok,https://x.com/grok/status/2105250582185312585,S,0,0.03,0.97,0.97,0.95,,,0.26,0.06,C,0.2,C
2106100871692169460,LinusMixson,https://x.com/LinusMixson/status/2106100871692169460,C,0.01,0.51,0.48,0.51,0.27,C,C,0.65,0.1,S,0.55,S
2106219162381209654,vastplan,https://x.com/vastplan/status/2106219162381209654,S,0,0.05,0.95,0.95,0.92,,,0.62,0.26,S,0.36,S
2106591215605186697,LucidPlay1,https://x.com/LucidPlay1/status/2106591215605186697,R,0.91,0.08,0.01,0.91,0.86,R,R,0.21,0.41,C,-0.2,C
2102923233771110765,MCStammer103,https://x.com/MCStammer103/status/2102923233771110765,S,0,0,1,1,1,,,0.34,0.24,C,0.1,C
2102912402534678800,AnaHawrylu97708,https://x.com/AnaHawrylu97708/status/2102912402534678800,S,0,0,1,1,1,S,S,0.95,0.07,S,0.88,S
2102913120305905836,maxintechnology,https://x.com/maxintechnology/status/2102913120305905836,S,0,0.25,0.75,0.75,0.62,,,0.41,0.08,C,0.33,C
2102922925993254937,marumarumisa,https://x.com/marumarumisa/status/2102922925993254937,R,1,0,0,1,1,,,0.08,0.85,R,-0.77,R
2102914584034398538,Brumafriend,https://x.com/Brumafriend/status/2102914584034398538,R,0.5,0.3,0.2,0.5,0.25,,,0.36,0.21,C,0.15,C
2107432728505589790,thinkbuildlead,https://x.com/thinkbuildlead/status/2107432728505589790,R,1,0,0,1,1,R,R,0.07,0.84,R,-0.77,R
2105610987134992817,Jestfultruth,https://x.com/Jestfultruth/status/2105610987134992817,C,0.13,0.54,0.33,0.54,0.31,S,C,0.51,0.13,S,0.38,S
2105327010113343509,DSoleuf5637,https://x.com/DSoleuf5637/status/2105327010113343509,R,1,0,0,1,1,,,0.04,0.97,R,-0.93,R
2105397294057095572,frankflynn20016,https://x.com/frankflynn20016/status/2105397294057095572,R,1,0,0,1,1,,,0.05,0.96,R,-0.91,R
2106010419722871244,ToastingTweets,https://x.com/ToastingTweets/status/2106010419722871244,S,0.04,0,0.96,0.96,0.94,,,0.85,0.7,C,0.15,C
2105933913931854255,tmgateot,https://x.com/tmgateot/status/2105933913931854255,R,0.62,0.15,0.23,0.62,0.43,,,0.32,0.9,R,-0.58,R
2105389678757401082,StelioKontos699,https://x.com/StelioKontos699/status/2105389678757401082,R,0.97,0,0.03,0.97,0.95,R,R,0.03,0.79,R,-0.76,R
2105612747585343765,DSMXIII,https://x.com/DSMXIII/status/2105612747585343765,R,0.58,0.4,0.02,0.58,0.37,,,0.11,0.88,R,-0.77,R
2106541626872959310,genalewislaw,https://x.com/genalewislaw/status/2106541626872959310,R,0.93,0.06,0.01,0.93,0.89,S,R,0.29,0.92,R,-0.63,R
2105934434478497909,tmgateot,https://x.com/tmgateot/status/2105934434478497909,S,0.07,0.33,0.6,0.6,0.4,,,0.64,0.76,C,-0.12,C
2106752619255361830,r0saLEAN,https://x.com/r0saLEAN/status/2106752619255361830,R,1,0,0,1,1,,,0.07,0.94,R,-0.87,R
2106446529259282490,tristan_j_day,https://x.com/tristan_j_day/status/2106446529259282490,R,0.78,0.2,0.02,0.78,0.67,C,R,0.14,0.59,R,-0.45,R
2106992988555776087,CarlaLove4you,https://x.com/CarlaLove4you/status/2106992988555776087,R,0.91,0,0.09,0.91,0.86,,,0.08,0.91,R,-0.83,R
2105576507233951781,bitcloud,https://x.com/bitcloud/status/2105576507233951781,R,0.52,0,0.48,0.52,0.28,,,0.12,0.93,R,-0.81,R
2107039399183634492,slap__tjips,https://x.com/slap__tjips/status/2107039399183634492,C,0.26,0.45999999999999996,0.28,0.45999999999999996,0.19,C,R,0.21,0.84,R,-0.63,R
2105939845587845252,ctrlship,https://x.com/ctrlship/status/2105939845587845252,R,0.97,0,0.03,0.97,0.95,,,0.25,0.96,R,-0.71,R
2106017907138232729,drekkz3,https://x.com/drekkz3/status/2106017907138232729,R,0.85,0.1,0.05,0.85,0.77,,,0.22,0.92,R,-0.7,R
2103012449041703399,RedoubtOfThomas,https://x.com/RedoubtOfThomas/status/2103012449041703399,R,1,0,0,1,1,,,0.06,0.94,R,-0.88,R
2106246732246122717,coreycoto,https://x.com/coreycoto/status/2106246732246122717,R,0.92,0.06,0.02,0.92,0.88,,,0.1,0.85,R,-0.75,R
2106539269560975688,smbop24,https://x.com/smbop24/status/2106539269560975688,R,1,0,0,1,1,,,0.08,0.94,R,-0.86,R
2104007068092936617,Zombinator85,https://x.com/Zombinator85/status/2104007068092936617,R,1,0,0,1,1,,,0.09,0.95,R,-0.86,R
2103834997337809130,UnlimitedApathE,https://x.com/UnlimitedApathE/status/2103834997337809130,R,0.98,0,0.02,0.98,0.97,R,R,0.08,0.87,R,-0.79,R
2107068747978805267,opaldiv,https://x.com/opaldiv/status/2107068747978805267,R,1,0,0,1,1,,,0.07,0.96,R,-0.89,R
2105699606927638915,thomepilgrim,https://x.com/thomepilgrim/status/2105699606927638915,R,0.98,0,0.02,0.98,0.97,,,0.08,0.93,R,-0.85,R
2105591033228890336,aleksil79,https://x.com/aleksil79/status/2105591033228890336,S,0.43,0.01,0.56,0.56,0.34,,,0.71,0.64,C,0.07,C
2106152268701794710,LorraineEvanoff,https://x.com/LorraineEvanoff/status/2106152268701794710,S,0.16,0.09,0.75,0.75,0.62,R,R,0.55,0.71,C,-0.16,C
2107067489993556167,kriegman,https://x.com/kriegman/status/2107067489993556167,C,0.28,0.49,0.23,0.49,0.23,,,0.25,0.25,C,0.0,C
2106631590864670960,BasicProtein26,https://x.com/BasicProtein26/status/2106631590864670960,S,0.05,0.31,0.64,0.64,0.46,,,0.45,0.27,C,0.18,C
2107174527759458757,Danmar_here,https://x.com/Danmar_here/status/2107174527759458757,S,0.05,0.04,0.91,0.91,0.86,,,0.29,0.2,C,0.09,C
2107140120738402760,Danmar_here,https://x.com/Danmar_here/status/2107140120738402760,S,0,0.02,0.98,0.98,0.97,,,0.62,0.13,S,0.49,S
2107135816078156144,Danmar_here,https://x.com/Danmar_here/status/2107135816078156144,S,0.05,0.01,0.94,0.94,0.91,,,0.63,0.13,S,0.5,S
2107097598884528626,Danmar_here,https://x.com/Danmar_here/status/2107097598884528626,S,0.09,0.15,0.76,0.76,0.64,,,0.48,0.27,C,0.21,C
2107086154390749579,Danmar_here,https://x.com/Danmar_here/status/2107086154390749579,S,0.08,0.15,0.77,0.77,0.66,,,0.46,0.15,C,0.31,C
2107077383664566386,Danmar_here,https://x.com/Danmar_here/status/2107077383664566386,S,0.04,0.15,0.81,0.81,0.72,S,S,0.4,0.14,C,0.26,C
2107078328448667811,Danmar_here,https://x.com/Danmar_here/status/2107078328448667811,S,0.22,0.15,0.63,0.63,0.45,S,R,0.23,0.31,C,-0.08,C
2107041552241504574,Danmar_here,https://x.com/Danmar_here/status/2107041552241504574,S,0.01,0.04,0.95,0.95,0.92,,,0.56,0.12,S,0.44,S
2105807062139560408,vishalmisra,https://x.com/vishalmisra/status/2105807062139560408,S,0.1,0.02,0.88,0.88,0.82,,,0.67,0.26,S,0.41,S
2106309701352968562,Hesamation,https://x.com/Hesamation/status/2106309701352968562,S,0.14,0.04,0.82,0.82,0.73,,,0.69,0.88,C,-0.19,C
2106507895450087833,Hesamation,https://x.com/Hesamation/status/2106507895450087833,S,0.29,0.02,0.69,0.69,0.53,R,R,0.5,0.72,C,-0.22,C
2106542453432230397,engineseer,https://x.com/engineseer/status/2106542453432230397,S,0.01,0.08,0.91,0.91,0.86,,,0.79,0.32,S,0.47,S
2104082859120263191,superalesha,https://x.com/superalesha/status/2104082859120263191,R,0.88,0.11,0.01,0.88,0.82,,,0.16,0.77,R,-0.61,R
2106473554569245119,HackBoing,https://x.com/HackBoing/status/2106473554569245119,R,0.72,0.01,0.27,0.72,0.58,,,0.22,0.85,R,-0.63,R
2106314773273145646,SentientDawn,https://x.com/SentientDawn/status/2106314773273145646,C,0,0.85,0.15,0.85,0.77,,,0.65,0.06,S,0.59,S
2103159564996661640,ThePoint_AI,https://x.com/ThePoint_AI/status/2103159564996661640,S,0.04,0,0.96,0.96,0.94,,,0.82,0.28,S,0.54,S
2106470387907493932,a_cuniculturist,https://x.com/a_cuniculturist/status/2106470387907493932,S,0.01,0.44,0.55,0.55,0.33,,,0.36,0.13,C,0.23,C
2103254185647263884,Skoorbkaz,https://x.com/Skoorbkaz/status/2103254185647263884,S,0,0.15,0.85,0.85,0.77,,,0.76,0.15,S,0.61,S
2103178226327568691,millerman,https://x.com/millerman/status/2103178226327568691,S,0,0.17,0.83,0.83,0.74,,,0.74,0.07,S,0.67,S
2102988375452213411,paulied138836,https://x.com/paulied138836/status/2102988375452213411,C,0,0.97,0.03,0.97,0.95,,,0.39,0.23,C,0.16,C
2102988385598218552,paulied138836,https://x.com/paulied138836/status/2102988385598218552,C,0,0.97,0.03,0.97,0.95,,,0.19,0.1,C,0.09,C
2103189991472222590,GoodLionTV,https://x.com/GoodLionTV/status/2103189991472222590,R,0.79,0.2,0.01,0.79,0.69,,,0.17,0.1,C,0.07,C
2103134422744666592,LukeDR1998,https://x.com/LukeDR1998/status/2103134422744666592,S,0,0,1,1,1,,,0.79,0.44,S,0.35,S
2103039701578064150,imuzamil,https://x.com/imuzamil/status/2103039701578064150,R,0.89,0.01,0.1,0.89,0.83,R,R,0.16,0.39,C,-0.23,C
2103149947780751464,ChaseBrowe32432,https://x.com/ChaseBrowe32432/status/2103149947780751464,R,0.98,0,0.02,0.98,0.97,,,0.16,0.51,R,-0.35,R
2103143487805800637,9iami9,https://x.com/9iami9/status/2103143487805800637,C,0,0.78,0.22,0.78,0.67,,,0.43,0.27,C,0.16,C
2103194248468447543,SaharNicola,https://x.com/SaharNicola/status/2103194248468447543,R,0.5,0.03,0.47,0.5,0.25,S,R,0.61,0.81,C,-0.2,C
2103125808340697372,_everythingism,https://x.com/_everythingism/status/2103125808340697372,R,0.93,0.01,0.06,0.93,0.89,,,0.14,0.17,C,-0.03,C
2103136477932876047,_everythingism,https://x.com/_everythingism/status/2103136477932876047,R,0.96,0.02,0.02,0.96,0.94,,,0.3,0.54,R,-0.24,C
2103196894340255960,stalefated,https://x.com/stalefated/status/2103196894340255960,R,0.85,0.01,0.14,0.85,0.77,,,0.26,0.88,R,-0.62,R
2103164634664489160,Codeforged_One,https://x.com/Codeforged_One/status/2103164634664489160,S,0.22,0.16,0.62,0.62,0.43,,,0.3,0.31,C,-0.01,C
2103575351888654584,aaronsibarium,https://x.com/aaronsibarium/status/2103575351888654584,S,0.01,0.39,0.6,0.6,0.4,,,0.29,0.15,C,0.14,C
2103568779313586264,aaronsibarium,https://x.com/aaronsibarium/status/2103568779313586264,S,0,0.07,0.93,0.93,0.89,,,0.63,0.15,S,0.48,S
2103112658324946960,iyzebhel,https://x.com/iyzebhel/status/2103112658324946960,S,0.01,0,0.99,0.99,0.98,,,0.51,0.07,S,0.44,S
2103200217474486592,iyzebhel,https://x.com/iyzebhel/status/2103200217474486592,S,0,0,1,1,1,,,0.86,0.07,S,0.79,S
2102986074255482948,iyzebhel,https://x.com/iyzebhel/status/2102986074255482948,C,0.2,0.66,0.14,0.66,0.49,,,0.07,0.08,C,-0.01,C
2103460548704698846,bitcloud,https://x.com/bitcloud/status/2103460548704698846,C,0,0.94,0.06,0.94,0.91,,,0.4,0.22,C,0.18,C
2103388368289603927,bitcloud,https://x.com/bitcloud/status/2103388368289603927,R,1,0,0,1,1,,,0.05,0.91,R,-0.86,R
2103149384439582847,c4chaos,https://x.com/c4chaos/status/2103149384439582847,C,0,0.98,0.02,0.98,0.97,,,0.41,0.39,C,0.02,C
2103188434408083939,the_briarwitch,https://x.com/the_briarwitch/status/2103188434408083939,S,0.01,0.03,0.96,0.96,0.94,,,0.68,0.19,S,0.49,S
2106612330587095464,ai_appreciator,https://x.com/ai_appreciator/status/2106612330587095464,R,0.99,0,0.01,0.99,0.98,,,0.2,0.19,C,0.01,C
2106637117535441120,Eli7811,https://x.com/Eli7811/status/2106637117535441120,C,0.19,0.41,0.39999999999999997,0.41,0.11,,,0.54,0.21,S,0.33,C
2106626327042232536,RileyRalmuto,https://x.com/RileyRalmuto/status/2106626327042232536,S,0.29,0.18,0.53,0.53,0.3,,,0.5,0.52,C,-0.02,C
2106734625590812834,ourdiscoveries8,https://x.com/ourdiscoveries8/status/2106734625590812834,C,0.16,0.63,0.21,0.63,0.45,,,0.43,0.6,R,-0.17,C
2106470054196023728,currenteon,https://x.com/currenteon/status/2106470054196023728,S,0.36,0.17,0.47000000000000003,0.47000000000000003,0.21,,,0.09,0.13,C,-0.04,C
2106428563725426726,currenteon,https://x.com/currenteon/status/2106428563725426726,R,0.94,0.03,0.03,0.94,0.91,,,0.15,0.23,C,-0.08,C
2106361663872225528,KaleidoJosh,https://x.com/KaleidoJosh/status/2106361663872225528,S,0,0.02,0.98,0.98,0.97,,,0.78,0.09,S,0.69,S
2106341589664845930,KaleidoJosh,https://x.com/KaleidoJosh/status/2106341589664845930,S,0.15,0.09,0.76,0.76,0.64,,,0.28,0.28,C,0.0,C
2106482944353218577,TheRealAdamG,https://x.com/TheRealAdamG/status/2106482944353218577,R,0.96,0,0.04,0.96,0.94,,,0.04,0.89,R,-0.85,R
2106489874727539013,BenjaminDEKR,https://x.com/BenjaminDEKR/status/2106489874727539013,S,0.02,0.22,0.76,0.76,0.64,,,0.74,0.32,S,0.42,S
2107104513052078495,polyphonicchat,https://x.com/polyphonicchat/status/2107104513052078495,S,0,0.18,0.82,0.82,0.73,S,S,0.73,0.1,S,0.63,S
2105286266061463999,HunterJayPerson,https://x.com/HunterJayPerson/status/2105286266061463999,S,0.01,0,0.99,0.99,0.98,,,0.83,0.07,S,0.76,S
2105421272763228577,Danmar_here,https://x.com/Danmar_here/status/2105421272763228577,S,0.28,0.11,0.61,0.61,0.41,,,0.14,0.12,C,0.02,C
2106234902572105738,CarlSands2010,https://x.com/CarlSands2010/status/2106234902572105738,R,1,0,0,1,1,,,0.04,0.77,R,-0.73,R
2106238411002548537,CarlSands2010,https://x.com/CarlSands2010/status/2106238411002548537,R,1,0,0,1,1,,,0.06,0.81,R,-0.75,R
2107403154971070926,gejpol,https://x.com/gejpol/status/2107403154971070926,S,0.24,0.01,0.75,0.75,0.62,,,0.36,0.54,R,-0.18,C
2106485561389363565,KevinButterhof,https://x.com/KevinButterhof/status/2106485561389363565,S,0.1,0.01,0.89,0.89,0.83,R,S,0.63,0.59,C,0.04,C
2106445183416246695,seikjaboote,https://x.com/seikjaboote/status/2106445183416246695,R,0.53,0.42,0.05,0.53,0.3,S,R,0.09,0.12,C,-0.03,C
2106386024939024594,chriscanal,https://x.com/chriscanal/status/2106386024939024594,R,0.65,0.31,0.04,0.65,0.48,R,R,0.15,0.14,C,0.01,C
2106385948669870299,chriscanal,https://x.com/chriscanal/status/2106385948669870299,S,0,0.43,0.57,0.57,0.35,,,0.46,0.07,C,0.39,S
2106342398922223941,shoefan13,https://x.com/shoefan13/status/2106342398922223941,S,0,0.11,0.89,0.89,0.83,,,0.74,0.15,S,0.59,S
2106341157710221755,shoefan13,https://x.com/shoefan13/status/2106341157710221755,C,0,0.64,0.36,0.64,0.46,,,0.71,0.09,S,0.62,S
2106292240448376858,shwtasdf,https://x.com/shwtasdf/status/2106292240448376858,S,0.01,0,0.99,0.99,0.98,,,0.89,0.23,S,0.66,S
2106252223504343105,OfVeteran64719,https://x.com/OfVeteran64719/status/2106252223504343105,R,0.53,0.24,0.23,0.53,0.3,,,0.15,0.37,C,-0.22,C
2107197524364980577,illgtubeerbaron,https://x.com/illgtubeerbaron/status/2107197524364980577,S,0.45,0.01,0.54,0.54,0.31,,,0.49,0.43,C,0.06,C
2107123671533756431,illgtubeerbaron,https://x.com/illgtubeerbaron/status/2107123671533756431,R,1,0,0,1,1,,,0.07,0.62,R,-0.55,R
2107125207773380700,PushkalGupta_,https://x.com/PushkalGupta_/status/2107125207773380700,S,0,0.28,0.72,0.72,0.58,,,0.63,0.16,S,0.47,S
2107117069775024456,PushkalGupta_,https://x.com/PushkalGupta_/status/2107117069775024456,C,0.01,0.96,0.03,0.96,0.94,,,0.32,0.24,C,0.08,C
2107188342920184236,beffjezos,https://x.com/beffjezos/status/2107188342920184236,C,0.02,0.68,0.3,0.68,0.52,,,0.31,0.13,C,0.18,C
2107182868275540139,XiannuChuntian,https://x.com/XiannuChuntian/status/2107182868275540139,R,0.92,0.08,0,0.92,0.88,,,0.22,0.64,R,-0.42,R
2107181381130584397,Cozy_Man_LoL,https://x.com/Cozy_Man_LoL/status/2107181381130584397,C,0,0.96,0.04,0.96,0.94,,,0.5,0.67,C,-0.17,C
2107179950235349498,i_am_resocorp,https://x.com/i_am_resocorp/status/2107179950235349498,R,0.53,0.24,0.23,0.53,0.3,,,0.2,0.21,C,-0.01,C
2107179392434843798,i2equalsj2,https://x.com/i2equalsj2/status/2107179392434843798,S,0.01,0,0.99,0.99,0.98,,,0.72,0.1,S,0.62,S
2107135588239302818,TalkingMusicz,https://x.com/TalkingMusicz/status/2107135588239302818,R,0.6,0.33,0.07,0.6,0.4,,,0.14,0.22,C,-0.08,C
2107120762691727842,DahliaOhara,https://x.com/DahliaOhara/status/2107120762691727842,R,0.64,0.21,0.15,0.64,0.46,,,0.23,0.75,R,-0.52,R
2107112819460301091,hawtcode,https://x.com/hawtcode/status/2107112819460301091,R,0.98,0.01,0.01,0.98,0.97,,,0.14,0.73,R,-0.59,R
2107120360457941481,DanaH1473651,https://x.com/DanaH1473651/status/2107120360457941481,R,0.59,0.13,0.28,0.59,0.38,,,0.27,0.65,R,-0.38,R
2107118762260660377,RifeWithKaiju,https://x.com/RifeWithKaiju/status/2107118762260660377,C,0.24,0.61,0.15,0.61,0.41,,,0.21,0.3,C,-0.09,C
2106698338888540612,BrokenBowlBrian,https://x.com/BrokenBowlBrian/status/2106698338888540612,C,0.01,0.85,0.14,0.85,0.77,,,0.48,0.23,C,0.25,C
2106680928110100884,OpalescentApple,https://x.com/OpalescentApple/status/2106680928110100884,S,0,0.04,0.96,0.96,0.94,,,0.68,0.09,S,0.59,S
2106671518461915360,StathisKX,https://x.com/StathisKX/status/2106671518461915360,S,0.19,0,0.81,0.81,0.72,,,0.22,0.89,R,-0.67,R
2106662205488042191,Huangs_law,https://x.com/Huangs_law/status/2106662205488042191,C,0.06,0.8,0.14,0.8,0.7,,,0.33,0.08,C,0.25,C
2106660407842848824,engineseer,https://x.com/engineseer/status/2106660407842848824,S,0,0,1,1,1,,,0.8,0.16,S,0.64,S
2106658050069217302,Berlinworlds,https://x.com/Berlinworlds/status/2106658050069217302,C,0.03,0.72,0.25,0.72,0.58,,,0.4,0.12,C,0.28,C
2106600135241170965,RahlDonald,https://x.com/RahlDonald/status/2106600135241170965,R,0.91,0.01,0.08,0.91,0.86,,,0.2,0.74,R,-0.54,R
2106590574304207312,glasshouseosint,https://x.com/glasshouseosint/status/2106590574304207312,S,0.22,0.01,0.77,0.77,0.66,,,0.28,0.71,R,-0.43,R
2106580529013526715,Rbaker923456,https://x.com/Rbaker923456/status/2106580529013526715,R,1,0,0,1,1,,,0.1,0.61,R,-0.51,R
2106572484707336464,mtm14,https://x.com/mtm14/status/2106572484707336464,R,0.65,0.33,0.02,0.65,0.48,,,0.07,0.3,C,-0.23,C
2106556626664861967,Emotelligent_AI,https://x.com/Emotelligent_AI/status/2106556626664861967,R,0.39999999999999997,0.2,0.4,0.4,0.1,,,0.14,0.1,C,0.04,C
2106987583914033485,webmasterdave,https://x.com/webmasterdave/status/2106987583914033485,R,0.87,0,0.13,0.87,0.8,,,0.11,0.84,R,-0.73,R
2106959039213011145,ZalinskyS,https://x.com/ZalinskyS/status/2106959039213011145,S,0.14,0.1,0.76,0.76,0.64,R,R,0.18,0.6,R,-0.42,R
2106950451094491295,AlisonTenn,https://x.com/AlisonTenn/status/2106950451094491295,C,0.33,0.63,0.04,0.63,0.45,C,R,0.11,0.06,C,0.05,C
2106922577994375650,miniksenzu_ckpt,https://x.com/miniksenzu_ckpt/status/2106922577994375650,C,0.3,0.64,0.06,0.64,0.46,,,0.22,0.12,C,0.1,C
2106874468714807779,tl072nerd,https://x.com/tl072nerd/status/2106874468714807779,S,0,0.04,0.96,0.96,0.94,C,S,0.36,0.1,C,0.26,C
2106863041526858214,RtRoach1986,https://x.com/RtRoach1986/status/2106863041526858214,R,1,0,0,1,1,,,0.09,0.86,R,-0.77,R
2107908900167274831,kociefqdaxvi,https://x.com/kociefqdaxvi/status/2107908900167274831,S,0.01,0.29,0.7,0.7,0.55,,,0.49,0.11,C,0.38,S
2107901788498313609,agilecoach,https://x.com/agilecoach/status/2107901788498313609,C,0.02,0.64,0.34,0.64,0.46,R,C,0.49,0.22,C,0.27,C
2107673074204291398,thenoobyork,https://x.com/thenoobyork/status/2107673074204291398,R,0.4,0.3,0.3,0.4,0.1,,,0.29,0.39,C,-0.1,C
2103221685256171882,Primee32,https://x.com/Primee32/status/2103221685256171882,S,0.2,0.04,0.76,0.76,0.64,C,R,0.24,0.25,C,-0.01,C
2106823385997013042,IU_Company,https://x.com/IU_Company/status/2106823385997013042,S,0,0,1,1,1,,,0.89,0.09,S,0.8,S
2103272561564155927,tolly_xyz,https://x.com/tolly_xyz/status/2103272561564155927,C,0.04,0.67,0.29,0.67,0.51,,,0.43,0.6,R,-0.17,C
2106756472637915458,donalfellows,https://x.com/donalfellows/status/2106756472637915458,S,0.07,0.25,0.6799999999999999,0.6799999999999999,0.52,,,0.05,0.36,C,-0.31,C
2106937516398203261,JohnySmith78376,https://x.com/JohnySmith78376/status/2106937516398203261,R,0.93,0,0.07,0.93,0.89,,,0.09,0.75,R,-0.66,R
2105199726002065858,JoelKatz,https://x.com/JoelKatz/status/2105199726002065858,C,0,0.91,0.09,0.91,0.86,,,0.26,0.07,C,0.19,C
2103551166491902182,hypergameme,https://x.com/hypergameme/status/2103551166491902182,R,1,0,0,1,1,,,0.09,0.22,C,-0.13,C
2103581049884377571,hypergameme,https://x.com/hypergameme/status/2103581049884377571,R,0.96,0.03,0.01,0.96,0.94,,,0.12,0.11,C,0.01,C
2104271225241604274,wyrdweir,https://x.com/wyrdweir/status/2104271225241604274,S,0.3,0.01,0.69,0.69,0.53,,,0.47,0.16,C,0.31,C
2105360125955604690,AjgormAlec,https://x.com/AjgormAlec/status/2105360125955604690,S,0,0.19,0.81,0.81,0.72,,,0.24,0.05,C,0.19,C
2107124990118334794,DanaH1473651,https://x.com/DanaH1473651/status/2107124990118334794,S,0,0.35,0.65,0.65,0.48,,,0.71,0.05,S,0.66,S
2103818799623319599,leonardopviana,https://x.com/leonardopviana/status/2103818799623319599,S,0,0.06,0.94,0.94,0.91,C,S,0.22,0.07,C,0.15,C
2105333320674672724,AblemanAdam,https://x.com/AblemanAdam/status/2105333320674672724,S,0,0.32,0.68,0.68,0.52,S,S,0.79,0.08,S,0.71,S
2104788953781903688,ArataStart1,https://x.com/ArataStart1/status/2104788953781903688,R,1,0,0,1,1,,,0.04,0.31,C,-0.27,C
2104264167826035159,DainFitzgerald,https://x.com/DainFitzgerald/status/2104264167826035159,R,0.89,0.08,0.03,0.89,0.83,,,0.15,0.56,R,-0.41,R
2105847754815926378,robert7056,https://x.com/robert7056/status/2105847754815926378,R,0.71,0.27,0.02,0.71,0.56,,,0.25,0.94,R,-0.69,R
2106746977085985209,_ChicagoV_,https://x.com/_ChicagoV_/status/2106746977085985209,R,1,0,0,1,1,R,R,0.06,0.65,R,-0.59,R
2105767481172541494,ImperialRaptor,https://x.com/ImperialRaptor/status/2105767481172541494,C,0.31,0.42,0.27,0.42,0.13,,,0.26,0.37,C,-0.11,C
2103530112050475070,JimmyRu52630895,https://x.com/JimmyRu52630895/status/2103530112050475070,C,0,0.99,0.01,0.99,0.98,,,0.35,0.08,C,0.27,C
2106953601927045560,AracaUwU,https://x.com/AracaUwU/status/2106953601927045560,R,0.84,0.13,0.03,0.84,0.76,,,0.34,0.39,C,-0.05,C
2107019660663091305,hyrevayn,https://x.com/hyrevayn/status/2107019660663091305,C,0,0.74,0.26,0.74,0.61,,,0.58,0.06,S,0.52,S
2104126064075194764,CkLorentzen,https://x.com/CkLorentzen/status/2104126064075194764,S,0,0.14,0.86,0.86,0.79,,,0.55,0.05,S,0.5,S
2106679363735339483,ripgarythegoat,https://x.com/ripgarythegoat/status/2106679363735339483,C,0.06,0.79,0.15,0.79,0.69,,,0.41,0.06,C,0.35,S
2108030271165710805,marksg,https://x.com/marksg/status/2108030271165710805,S,0.01,0,0.99,0.99,0.98,,,0.74,0.14,S,0.6,S
2108028199729058262,KevinDSmead,https://x.com/KevinDSmead/status/2108028199729058262,S,0.04,0.42,0.54,0.54,0.31,,,0.26,0.09,C,0.17,C
2108021811644715229,AustinKozlo,https://x.com/AustinKozlo/status/2108021811644715229,S,0.05,0.06,0.89,0.89,0.83,,,0.27,0.21,C,0.06,C
2108016393513992409,CRAISInstitute,https://x.com/CRAISInstitute/status/2108016393513992409,S,0.02,0,0.98,0.98,0.97,,,0.61,0.29,S,0.32,C
2108012295406424202,SkyeSharkie,https://x.com/SkyeSharkie/status/2108012295406424202,S,0.01,0.01,0.98,0.98,0.97,,,0.83,0.1,S,0.73,S
2108001844345835859,PlastiqSoldier,https://x.com/PlastiqSoldier/status/2108001844345835859,S,0.03,0.16,0.81,0.81,0.72,,,0.48,0.15,C,0.33,C
2107997854849716672,barakgila,https://x.com/barakgila/status/2107997854849716672,S,0.01,0.02,0.97,0.97,0.95,,,0.47,0.19,C,0.28,C
2107996258346652050,algxtradingx,https://x.com/algxtradingx/status/2107996258346652050,R,0.93,0,0.07,0.93,0.89,,,0.08,0.87,R,-0.79,R
2107996203866792270,DrJohnDanby,https://x.com/DrJohnDanby/status/2107996203866792270,R,0.97,0,0.03,0.97,0.95,,,0.18,0.82,R,-0.64,R
2107994720677085194,francip,https://x.com/francip/status/2107994720677085194,C,0.02,0.89,0.09,0.89,0.83,,,0.16,0.09,C,0.07,C
2107988131534319630,InstantStop,https://x.com/InstantStop/status/2107988131534319630,R,0.99,0.01,0,0.99,0.98,,,0.05,0.28,C,-0.23,C
2107982808811749479,logicus,https://x.com/logicus/status/2107982808811749479,S,0.04,0.03,0.9299999999999999,0.9299999999999999,0.89,,,0.62,0.09,S,0.53,S
2107980595926065574,SrikarVaradaraj,https://x.com/SrikarVaradaraj/status/2107980595926065574,S,0,0,1,1,1,,,0.26,0.11,C,0.15,C
2106987705531781567,secondrealm,https://x.com/secondrealm/status/2106987705531781567,R,0.74,0.22,0.04,0.74,0.61,,,0.16,0.35,C,-0.19,C
2104039882691666421,senseterna,https://x.com/senseterna/status/2104039882691666421,S,0,0.28,0.72,0.72,0.58,,,0.56,0.09,S,0.47,S
2105743673086357807,iyzebhel,https://x.com/iyzebhel/status/2105743673086357807,S,0.01,0.01,0.98,0.98,0.97,S,S,0.83,0.08,S,0.75,S
2105352218534641848,presence2222,https://x.com/presence2222/status/2105352218534641848,S,0,0.03,0.97,0.97,0.95,,,0.86,0.07,S,0.79,S
2104975379060699462,iyzebhel,https://x.com/iyzebhel/status/2104975379060699462,S,0.01,0.01,0.98,0.98,0.97,,,0.74,0.12,S,0.62,S
2104277287306764642,aaronsibarium,https://x.com/aaronsibarium/status/2104277287306764642,S,0.01,0.01,0.98,0.98,0.97,,,0.59,0.1,S,0.49,S
2104980497340186984,iyzebhel,https://x.com/iyzebhel/status/2104980497340186984,S,0,0,1,1,1,,,0.87,0.05,S,0.82,S
2106599213022822590,secondrealm,https://x.com/secondrealm/status/2106599213022822590,R,0.61,0.39,0,0.61,0.41,,,0.3,0.15,C,0.15,C
2106170257090150877,c4chaos,https://x.com/c4chaos/status/2106170257090150877,C,0.02,0.84,0.14,0.84,0.76,,,0.49,0.06,C,0.43,S
2107156786474287235,secondrealm,https://x.com/secondrealm/status/2107156786474287235,R,0.77,0.17,0.06,0.77,0.66,,,0.14,0.16,C,-0.02,C
2107873179108528226,secondrealm,https://x.com/secondrealm/status/2107873179108528226,R,0.72,0.25,0.03,0.72,0.58,,,0.14,0.21,C,-0.07,C
2106202317888291283,iyzebhel,https://x.com/iyzebhel/status/2106202317888291283,S,0,0,1,1,1,,,0.88,0.06,S,0.82,S
2107333629408104944,aleksil79,https://x.com/aleksil79/status/2107333629408104944,S,0.03,0.14,0.83,0.83,0.74,,,0.4,0.12,C,0.28,C
2105282791130681369,iyzebhel,https://x.com/iyzebhel/status/2105282791130681369,S,0,0,1,1,1,,,0.8,0.13,S,0.67,S
2107130392708812946,iyzebhel,https://x.com/iyzebhel/status/2107130392708812946,S,0,0,1,1,1,,,0.91,0.04,S,0.87,S
2106505277830795472,senseterna,https://x.com/senseterna/status/2106505277830795472,C,0.03,0.74,0.23,0.74,0.61,,,0.23,0.17,C,0.06,C
2104048837505503330,senseterna,https://x.com/senseterna/status/2104048837505503330,S,0,0.02,0.98,0.98,0.97,,,0.66,0.04,S,0.62,S
2106062485631492544,iyzebhel,https://x.com/iyzebhel/status/2106062485631492544,S,0,0.14,0.86,0.86,0.79,S,S,0.71,0.05,S,0.66,S
2106996808929198401,secondrealm,https://x.com/secondrealm/status/2106996808929198401,R,0.99,0,0.01,0.99,0.98,,,0.15,0.21,C,-0.06,C
2107420950178267243,bitcloud,https://x.com/bitcloud/status/2107420950178267243,C,0.44,0.52,0.04,0.52,0.28,,,0.16,0.18,C,-0.02,C
2105770754096648502,aaronsibarium,https://x.com/aaronsibarium/status/2105770754096648502,S,0.37,0.01,0.62,0.62,0.43,,,0.28,0.6,R,-0.32,C
2107442756083687778,bitcloud,https://x.com/bitcloud/status/2107442756083687778,R,0.83,0.08,0.09,0.83,0.74,,,0.2,0.21,C,-0.01,C
2107208831751147559,secondrealm,https://x.com/secondrealm/status/2107208831751147559,R,0.69,0.29,0.02,0.69,0.53,,,0.22,0.09,C,0.13,C
2107233777605120357,DeepakChopra,https://x.com/DeepakChopra/status/2107233777605120357,R,1,0,0,1,1,,,0.06,0.55,R,-0.49,R
2106811475268456684,LuizaJarovsky,https://x.com/LuizaJarovsky/status/2106811475268456684,S,0.46,0.02,0.52,0.52,0.28,,,0.35,0.55,R,-0.2,C
2107175810402529443,UFAIRORG,https://x.com/UFAIRORG/status/2107175810402529443,S,0,0,1,1,1,,,0.88,0.11,S,0.77,S
2105920205884903476,anilkseth,https://x.com/anilkseth/status/2105920205884903476,S,0.04,0.25,0.71,0.71,0.56,R,C,0.6,0.06,S,0.54,S
2106875219012915338,Josephyala,https://x.com/Josephyala/status/2106875219012915338,S,0.01,0.44,0.55,0.55,0.33,,,0.21,0.05,C,0.16,C
2106764228619071867,annagrad78,https://x.com/annagrad78/status/2106764228619071867,S,0,0,1,1,1,,,0.95,0.12,S,0.83,S
2107600766982906261,bokuHaruyaHaru,https://x.com/bokuHaruyaHaru/status/2107600766982906261,S,0,0.19,0.81,0.81,0.72,,,0.3,0.07,C,0.23,C
2104657425240621537,stephenbklein,https://x.com/stephenbklein/status/2104657425240621537,C,0,0.59,0.41,0.59,0.38,,,0.25,0.07,C,0.18,C
2107041523774730370,BasicProtein26,https://x.com/BasicProtein26/status/2107041523774730370,C,0.22,0.4,0.38,0.4,0.1,,,0.37,0.07,C,0.3,C
2104984621712896161,almost_machines,https://x.com/almost_machines/status/2104984621712896161,S,0,0.15,0.85,0.85,0.77,,,0.65,0.1,S,0.55,S
2106478859579433172,diegocaleiro,https://x.com/diegocaleiro/status/2106478859579433172,S,0,0,1,1,1,,,0.81,0.05,S,0.76,S
2104555373101256891,sapinker,https://x.com/sapinker/status/2104555373101256891,S,0.16,0,0.84,0.84,0.76,R,R,0.24,0.15,C,0.09,C
2107234013395951726,SvitlaVi,https://x.com/SvitlaVi/status/2107234013395951726,R,0.45,0.33,0.22,0.45,0.18,,,0.19,0.29,C,-0.1,C
2107507680810307972,ScottDavidKeefe,https://x.com/ScottDavidKeefe/status/2107507680810307972,R,0.9299999999999999,0.03,0.04,0.9299999999999999,0.89,,,0.2,0.24,C,-0.04,C
2107653282776920330,zudasworld,https://x.com/zudasworld/status/2107653282776920330,C,0,0.99,0.01,0.99,0.98,C,C,0.22,0.1,C,0.12,C
2106301455112257734,Dlife2026,https://x.com/Dlife2026/status/2106301455112257734,C,0.23,0.51,0.26,0.51,0.27,,,0.25,0.16,C,0.09,C
2103864210774167910,JoHenrich,https://x.com/JoHenrich/status/2103864210774167910,C,0.03,0.62,0.35,0.62,0.43,,,0.42,0.29,C,0.13,C
2106058825232953421,Inkswallower,https://x.com/Inkswallower/status/2106058825232953421,S,0.17,0.28,0.55,0.55,0.33,,,0.24,0.11,C,0.13,C
2106835398618165756,mgrczyk,https://x.com/mgrczyk/status/2106835398618165756,S,0.05,0.02,0.93,0.93,0.89,,,0.09,0.09,C,0.0,C
2107193331851624882,InfraScaler,https://x.com/InfraScaler/status/2107193331851624882,S,0.13,0.22,0.65,0.65,0.48,,,0.6,0.5,C,0.1,C
2105734915245666681,Maxeonyx,https://x.com/Maxeonyx/status/2105734915245666681,C,0.01,0.53,0.46,0.53,0.3,,,0.75,0.14,S,0.61,S
2106411456828740028,DarioColaianni,https://x.com/DarioColaianni/status/2106411456828740028,S,0,0.32,0.68,0.68,0.52,,,0.68,0.09,S,0.59,S
2106383805464354863,0xfdf,https://x.com/0xfdf/status/2106383805464354863,S,0,0,1,1,1,,,0.85,0.08,S,0.77,S
2107124365641085031,hopes_revenge,https://x.com/hopes_revenge/status/2107124365641085031,C,0.01,0.6799999999999999,0.31,0.6799999999999999,0.52,,,0.61,0.05,S,0.56,S
2106502485212897431,FZaslavskiy,https://x.com/FZaslavskiy/status/2106502485212897431,S,0.06,0,0.94,0.94,0.91,,,0.82,0.25,S,0.57,S
2106736071593623946,CandidLind,https://x.com/CandidLind/status/2106736071593623946,S,0,0.06,0.94,0.94,0.91,,,0.76,0.11,S,0.65,S
2104208085443117253,StevenT65674368,https://x.com/StevenT65674368/status/2104208085443117253,C,0.02,0.6,0.38,0.6,0.4,,,0.21,0.06,C,0.15,C
2105269234645561796,RndMks,https://x.com/RndMks/status/2105269234645561796,S,0.07,0.36,0.57,0.57,0.35,,,0.39,0.25,C,0.14,C
2103687871311880521,insurrealist,https://x.com/insurrealist/status/2103687871311880521,R,0.41,0.28,0.31,0.41,0.11,,,0.37,0.65,R,-0.28,C
2105605374443479242,tyagi_baba,https://x.com/tyagi_baba/status/2105605374443479242,S,0,0.11,0.89,0.89,0.83,,,0.61,0.11,S,0.5,S
2106098564279787896,bucketofkets,https://x.com/bucketofkets/status/2106098564279787896,C,0,0.71,0.29,0.71,0.56,,,0.68,0.08,S,0.6,S
2104304601860333792,WolfMcNally,https://x.com/WolfMcNally/status/2104304601860333792,R,0.96,0.03,0.01,0.96,0.94,,,0.13,0.21,C,-0.08,C
2106858399606698206,ProfSavoie,https://x.com/ProfSavoie/status/2106858399606698206,R,1,0,0,1,1,R,R,0.14,0.25,C,-0.11,C
2106857963696828751,ProfSavoie,https://x.com/ProfSavoie/status/2106857963696828751,R,1,0,0,1,1,,,0.14,0.31,C,-0.17,C
2105316073025290686,Grizzabellav3,https://x.com/Grizzabellav3/status/2105316073025290686,S,0,0.05,0.95,0.95,0.92,S,S,0.73,0.06,S,0.67,S
2103961000579924037,aaronsibarium,https://x.com/aaronsibarium/status/2103961000579924037,S,0,0.12,0.88,0.88,0.82,,,0.7,0.04,S,0.66,S
2105351129412575473,sammyhill99,https://x.com/sammyhill99/status/2105351129412575473,S,0.05,0.2,0.75,0.75,0.62,,,0.24,0.06,C,0.18,C
2107888168242733330,jacyanthis,https://x.com/jacyanthis/status/2107888168242733330,S,0.01,0.05,0.94,0.94,0.91,,,0.38,0.07,C,0.31,C
2105985533675483433,entropyhertz,https://x.com/entropyhertz/status/2105985533675483433,S,0,0,1,1,1,,,0.87,0.04,S,0.83,S
2105108734489870561,MonkaiB,https://x.com/MonkaiB/status/2105108734489870561,S,0.01,0.06,0.93,0.93,0.89,,,0.66,0.1,S,0.56,S
2103484566719598605,FlorinCojoX,https://x.com/FlorinCojoX/status/2103484566719598605,C,0.47,0.52,0.01,0.52,0.28,C,C,0.19,0.15,C,0.04,C
2103241798500118649,Eiryssa,https://x.com/Eiryssa/status/2103241798500118649,S,0.01,0,0.99,0.99,0.98,,,0.79,0.18,S,0.61,S
2103570283160281411,MikeTronix,https://x.com/MikeTronix/status/2103570283160281411,R,1,0,0,1,1,,,0.07,0.14,C,-0.07,C
2103390502804705569,The__Briefing,https://x.com/The__Briefing/status/2103390502804705569,R,0.86,0.04,0.1,0.86,0.79,,,0.18,0.46,C,-0.28,C
2103548850162081838,alignmentiskey,https://x.com/alignmentiskey/status/2103548850162081838,S,0.39,0.18,0.43,0.43,0.14,,,0.3,0.57,R,-0.27,C
2103333386832183618,cagataykalan,https://x.com/cagataykalan/status/2103333386832183618,S,0.47,0.03,0.5,0.5,0.25,,,0.61,0.78,C,-0.17,C
2102959747519635646,brrrrrrennan,https://x.com/brrrrrrennan/status/2102959747519635646,S,0,0.28,0.72,0.72,0.58,C,S,0.65,0.08,S,0.57,S
2103093432767914054,Model_Culture,https://x.com/Model_Culture/status/2103093432767914054,S,0,0.32,0.68,0.68,0.52,,,0.12,0.04,C,0.08,C
2103540375373980092,alignmentiskey,https://x.com/alignmentiskey/status/2103540375373980092,S,0.43,0.02,0.55,0.55,0.33,,,0.28,0.76,R,-0.48,R
2103435445434806585,ChelmsDeep,https://x.com/ChelmsDeep/status/2103435445434806585,S,0,0,1,1,1,,,0.92,0.06,S,0.86,S
2103526190350795250,roastedtemujin,https://x.com/roastedtemujin/status/2103526190350795250,C,0.38,0.46,0.16,0.46,0.19,,,0.29,0.25,C,0.04,C
2103543943619371141,VexedVortices,https://x.com/VexedVortices/status/2103543943619371141,S,0.05,0.24,0.71,0.71,0.56,R,C,0.4,0.27,C,0.13,C
2103443483646099602,ahtoshkaa,https://x.com/ahtoshkaa/status/2103443483646099602,S,0,0,1,1,1,,,0.87,0.14,S,0.73,S
2103338743276949550,JayLJeffers,https://x.com/JayLJeffers/status/2103338743276949550,R,0.97,0.03,0,0.97,0.95,,,0.24,0.26,C,-0.02,C
2103407715405967777,anwesh_bh,https://x.com/anwesh_bh/status/2103407715405967777,R,0.98,0.01,0.01,0.98,0.97,,,0.14,0.55,R,-0.41,R
2103428781583016172,damiaanluc,https://x.com/damiaanluc/status/2103428781583016172,C,0,0.81,0.19,0.81,0.72,,,0.64,0.04,S,0.6,S
2103361856865792247,eterevsky,https://x.com/eterevsky/status/2103361856865792247,R,0.56,0.4,0.04,0.56,0.34,,,0.29,0.07,C,0.22,C
2103168399316816123,_everythingism,https://x.com/_everythingism/status/2103168399316816123,R,0.92,0.07,0.01,0.92,0.88,,,0.17,0.1,C,0.07,C
2103119885840662889,MaxxifiedLian,https://x.com/MaxxifiedLian/status/2103119885840662889,R,1,0,0,1,1,,,0.09,0.3,C,-0.21,C
2103008157723181381,lavaheadza,https://x.com/lavaheadza/status/2103008157723181381,S,0,0.41,0.59,0.59,0.38,,,0.29,0.12,C,0.17,C
