id,username,url,round,position,p_support,p_oppose,p_neutral,reason,p_absurd,p_overreach,p_model_welfare,p_user_character,p_other,topic_p,topic,hybrid,author_label,author_label_source
2108261779360952700,mothoshi,https://x.com/mothoshi/status/2108261779360952700,2,neutral_or_unclear,0.24,0.36,0.39999999999999997,support_model_welfare,0.25,0.07,0.47000000000000003,0.12,0.09,0.5,1,U,,
2108549574977888530,SilasCybin,https://x.com/SilasCybin/status/2108549574977888530,2,neutral_or_unclear,0.01,0.07,0.92,other,0.17,0.04,0.01,0,0.78,0.15,0,R,,
2108258332721242478,vajravyuha,https://x.com/vajravyuha/status/2108258332721242478,2,neutral_or_unclear,0.23,0.26,0.51,oppose_absurd,0.42,0.03,0.2,0.18,0.17,0.62,1,R,,
2108414375002571227,SmokeAwayyy,https://x.com/SmokeAwayyy/status/2108414375002571227,2,neutral_or_unclear,0.06,0.02,0.92,support_model_welfare,0.13,0,0.76,0,0.11,0.21,0,U,,
2108479077296578819,SaveGPT4o,https://x.com/SaveGPT4o/status/2108479077296578819,2,neutral_or_unclear,0.17,0.02,0.8,other,0.02,0.2,0.17,0.02,0.59,0.73,1,S,,
2108552667396252139,johnbracke,https://x.com/johnbracke/status/2108552667396252139,2,neutral_or_unclear,0.01,0.12,0.87,other,0.11,0.01,0.19,0,0.68,0.37,0,U,,
2108266697052545430,CORN_5555,https://x.com/CORN_5555/status/2108266697052545430,2,support,0.9400000000000001,0,0.06,support_user_character,0,0,0,1,0,0.74,1,U,,
2108596694854111523,scottstts,https://x.com/scottstts/status/2108596694854111523,2,neutral_or_unclear,0.26,0.18,0.56,support_model_welfare,0.02,0.01,0.95,0,0.02,0.4,0,U,,
2108352016917663909,joshalbrecht,https://x.com/joshalbrecht/status/2108352016917663909,2,oppose,0.02,0.9,0.08,oppose_absurd,0.89,0.03,0.03,0,0.05,0.7,1,R,R,jev_majority
2108389531389215047,joshalbrecht,https://x.com/joshalbrecht/status/2108389531389215047,2,oppose,0.4,0.53,0.07,oppose_overreach,0.17,0.76,0.01,0.02,0.04,0.86,1,R,R,jev_majority
2108525805903171964,Neutral_Larry,https://x.com/Neutral_Larry/status/2108525805903171964,2,oppose,0.01,0.94,0.05,oppose_absurd,0.9,0,0.03,0,0.07,0.43,0,R,,
2108373352897241509,0x454447415244,https://x.com/0x454447415244/status/2108373352897241509,2,neutral_or_unclear,0.04,0.07,0.89,support_model_welfare,0.07,0.03,0.54,0,0.36,0.61,1,U,,
2108566719899816089,ValerioCapraro,https://x.com/ValerioCapraro/status/2108566719899816089,2,oppose,0.02,0.97,0.01,oppose_absurd,0.59,0.03,0.19,0.01,0.18,0.75,1,U,,
2108563405242294456,FarangETH,https://x.com/FarangETH/status/2108563405242294456,2,support,0.5,0.44,0.06,support_user_character,0.28,0.01,0.33,0.33999999999999997,0.04,0.47,0,R,,
2108622688008687805,SeanV6790,https://x.com/SeanV6790/status/2108622688008687805,2,oppose,0.18,0.66,0.16,oppose_absurd,0.86,0,0.04,0,0.1,0.43,0,R,,
2108521108647317779,Hammersmickle,https://x.com/Hammersmickle/status/2108521108647317779,2,support,0.75,0.04,0.21,support_user_character,0.03,0,0.01,0.96,0,0.45,0,U,,
2108321251152273430,emory_rchrdsn,https://x.com/emory_rchrdsn/status/2108321251152273430,2,oppose,0.01,0.98,0.01,oppose_absurd,0.88,0.1,0.01,0,0.01,0.84,1,R,,
2108487508644544527,tmdanis,https://x.com/tmdanis/status/2108487508644544527,2,oppose,0.31,0.58,0.11,support_model_welfare,0.02,0.01,0.9,0,0.07,0.79,1,S,,
2108520217248780684,virakandah,https://x.com/virakandah/status/2108520217248780684,2,oppose,0.26,0.71,0.03,other,0.25,0.04,0.25,0.01,0.45,0.56,1,U,,
2108278394454704471,KylieJaneKremer,https://x.com/KylieJaneKremer/status/2108278394454704471,2,oppose,0.27,0.43,0.3,oppose_absurd,0.81,0.01,0.04,0.05,0.09,0.17,0,R,,
2108558926518100061,VraserX,https://x.com/VraserX/status/2108558926518100061,2,support,0.54,0.24,0.22,support_user_character,0.22,0.01,0.15,0.44,0.18,0.69,1,S,,
2108304938195677443,NextElevenDev,https://x.com/NextElevenDev/status/2108304938195677443,2,support,0.74,0,0.26,other,0,0.04,0.03,0,0.93,0.59,1,U,,
2108334477567004694,Rohanburdened,https://x.com/Rohanburdened/status/2108334477567004694,2,support,0.83,0,0.17,support_model_welfare,0,0,0.99,0.01,0,0.54,1,S,,
2108506868616507710,MarcuSteropes,https://x.com/MarcuSteropes/status/2108506868616507710,2,oppose,0.24,0.52,0.24,support_model_welfare,0,0,1,0,0,0.17,0,S,,
2108351598963437856,maverickmentor_,https://x.com/maverickmentor_/status/2108351598963437856,2,oppose,0.06,0.94,0,oppose_absurd,0.8,0.02,0.05,0.13,0,0.81,1,R,,
2108507310423154885,realkellyspear,https://x.com/realkellyspear/status/2108507310423154885,2,support,0.45,0.35,0.2,other,0.31,0.03,0.05,0,0.61,0.92,1,R,,
2108417208707915778,eapyk,https://x.com/eapyk/status/2108417208707915778,2,neutral_or_unclear,0.04,0.03,0.93,support_model_welfare,0,0,0.92,0,0.08,0.38,0,C,,
2108253162885066974,PugetPointCap,https://x.com/PugetPointCap/status/2108253162885066974,2,oppose,0,0.99,0.01,oppose_absurd,0.93,0.02,0.03,0,0.02,0.93,1,R,,
2108267145691836812,CaffeSatoshi,https://x.com/CaffeSatoshi/status/2108267145691836812,2,neutral_or_unclear,0.06,0.17,0.77,support_model_welfare,0.04,0,0.63,0.01,0.32,0.38,0,C,,
2108524548861645131,BigDaddyBlue0,https://x.com/BigDaddyBlue0/status/2108524548861645131,2,oppose,0.1,0.61,0.29,oppose_absurd,0.6,0.08,0.01,0.08,0.23,0.89,1,R,,
2108599485953966395,Compliance2nlw,https://x.com/Compliance2nlw/status/2108599485953966395,2,oppose,0.01,0.95,0.04,oppose_overreach,0,0.99,0.01,0,0,0.85,1,U,,
2108394471167852658,SiftByte,https://x.com/SiftByte/status/2108394471167852658,2,support,0.46,0.21,0.33,support_model_welfare,0.01,0,0.98,0,0.01,0.69,1,S,,
2108269044365230460,aiwep_aiwelfare,https://x.com/aiwep_aiwelfare/status/2108269044365230460,2,neutral_or_unclear,0.01,0.01,0.98,other,0,0,0.12,0.01,0.87,0.92,1,U,,
2108414676862435731,shiparena,https://x.com/shiparena/status/2108414676862435731,3,neutral_or_unclear,0.12,0.05,0.83,other,0.01,0.07,0.11,0.01,0.8,0.96,1,U,,
2108403820783100355,AIScientist_X,https://x.com/AIScientist_X/status/2108403820783100355,3,neutral_or_unclear,0.01,0.11,0.88,other,0,0.01,0.27,0.01,0.71,0.91,1,U,,
2108444711346212999,HsineGh,https://x.com/HsineGh/status/2108444711346212999,3,neutral_or_unclear,0.01,0.05,0.94,other,0,0.01,0.04,0.01,0.94,0.94,1,U,,
2108316772348895661,DeepThoughtAR,https://x.com/DeepThoughtAR/status/2108316772348895661,3,oppose,0.01,0.94,0.05,oppose_absurd,0.69,0.14,0.01,0.01,0.15,0.92,1,R,,
2108252676924272662,kimmonismus,https://x.com/kimmonismus/status/2108252676924272662,3,oppose,0.04,0.94,0.02,other,0.29,0.12,0.06,0.01,0.52,0.95,1,U,,
2108650515047342240,santotheplug1_,https://x.com/santotheplug1_/status/2108650515047342240,3,neutral_or_unclear,0.04,0.28,0.68,other,0.02,0.02,0.09,0,0.87,0.95,1,U,,
2108270726235210232,AGTPinsights,https://x.com/AGTPinsights/status/2108270726235210232,3,neutral_or_unclear,0,0,1,other,0,0,0.06,0.01,0.93,0.9,1,U,,
2108340823985115448,wrenchecks,https://x.com/wrenchecks/status/2108340823985115448,3,support,0.39,0.31,0.3,oppose_overreach,0.1,0.42,0.12,0.27,0.09,0.85,1,U,,
2108464033947173108,Tesla_Optimus_K,https://x.com/Tesla_Optimus_K/status/2108464033947173108,3,neutral_or_unclear,0.03,0.01,0.96,other,0,0.02,0.23,0.04,0.71,0.94,1,U,,
2108595530104291647,jamesmarinero,https://x.com/jamesmarinero/status/2108595530104291647,3,oppose,0.01,0.63,0.36,other,0.21,0.03,0.08,0,0.6799999999999999,0.92,1,U,,
2108283882697077188,xxxaarr,https://x.com/xxxaarr/status/2108283882697077188,3,oppose,0.01,0.59,0.4,other,0.11,0.2,0.05,0.01,0.63,0.94,1,U,,
2108635520788255103,LucasNavallo,https://x.com/LucasNavallo/status/2108635520788255103,3,support,0.89,0.01,0.1,support_user_character,0,0,0,1,0,0.87,1,U,,
2108276091647672601,AIRoboticsInt,https://x.com/AIRoboticsInt/status/2108276091647672601,3,neutral_or_unclear,0.06,0.09,0.85,other,0.01,0.02,0.17,0,0.79,0.95,1,U,,
2108252480551162308,NewsTongueX,https://x.com/NewsTongueX/status/2108252480551162308,3,neutral_or_unclear,0,0,1,other,0,0,0.34,0.01,0.65,0.91,1,U,,
2108699685556789421,RussellQuantum,https://x.com/RussellQuantum/status/2108699685556789421,3,neutral_or_unclear,0.18,0.31,0.51,other,0.01,0.08,0.18,0.12,0.61,0.93,1,U,,
2108266921598620006,zachmoskow,https://x.com/zachmoskow/status/2108266921598620006,3,neutral_or_unclear,0.02,0.11,0.87,other,0.02,0.02,0.16,0.01,0.79,0.92,1,U,,
2108434155407310896,akshoydasss,https://x.com/akshoydasss/status/2108434155407310896,3,neutral_or_unclear,0,0.03,0.97,other,0,0.01,0.08,0.01,0.9,0.91,1,U,,
2108271704858382739,techsnif,https://x.com/techsnif/status/2108271704858382739,3,neutral_or_unclear,0,0.02,0.98,other,0,0.01,0.13,0.1,0.76,0.95,1,U,,
2108424784484905457,SRI_org,https://x.com/SRI_org/status/2108424784484905457,3,neutral_or_unclear,0,0,1,other,0,0,0.27,0.02,0.71,0.95,1,U,,
2108673111327420827,DailyAITechNews,https://x.com/DailyAITechNews/status/2108673111327420827,3,neutral_or_unclear,0.01,0.34,0.65,other,0.01,0.03,0.12,0.01,0.83,0.92,1,U,,
2108636243772707111,ztarockoff,https://x.com/ztarockoff/status/2108636243772707111,3,support,0.65,0.04,0.31,support_model_welfare,0.02,0.03,0.73,0.12,0.1,0.82,1,U,,
2108701454580003204,dementor430,https://x.com/dementor430/status/2108701454580003204,3,support,0.98,0.01,0.01,other,0,0,0.46,0.03,0.51,0.91,1,U,,
2108627637832704277,BREAKLINGx,https://x.com/BREAKLINGx/status/2108627637832704277,3,neutral_or_unclear,0.49,0.01,0.5,support_user_character,0,0.01,0,0.95,0.04,0.93,1,U,,
2108713117022830638,terrythedevv,https://x.com/terrythedevv/status/2108713117022830638,3,oppose,0,0.88,0.12,other,0.11,0.29,0.01,0,0.59,0.89,1,U,,
2108633985676878232,TonyNashNerd,https://x.com/TonyNashNerd/status/2108633985676878232,3,oppose,0.01,0.62,0.37,oppose_absurd,0.78,0,0.02,0.01,0.19,0.67,1,R,,
2108709462517440963,SignalAiTech,https://x.com/SignalAiTech/status/2108709462517440963,3,neutral_or_unclear,0,0.01,0.99,other,0.01,0.01,0.09,0.03,0.86,0.89,1,U,,
2108643197006000339,ugwuositajoel,https://x.com/ugwuositajoel/status/2108643197006000339,3,neutral_or_unclear,0.03,0.13,0.84,other,0.01,0.01,0.07,0.02,0.89,0.9,1,U,,
2108714779657269403,Innomen,https://x.com/Innomen/status/2108714779657269403,3,oppose,0,1,0,oppose_absurd,0.73,0.09,0.1,0,0.08,0.87,1,U,,
2108626616641573187,MichaelHugg2591,https://x.com/MichaelHugg2591/status/2108626616641573187,3,neutral_or_unclear,0.01,0.01,0.98,other,0,0.01,0.17,0.15,0.67,0.89,1,U,,
2108740142496395562,sachi_gkp,https://x.com/sachi_gkp/status/2108740142496395562,3,neutral_or_unclear,0.02,0,0.98,other,0,0.01,0.13,0.04,0.82,0.94,1,U,,
2108760350120415438,StarSnap_1,https://x.com/StarSnap_1/status/2108760350120415438,3,neutral_or_unclear,0.01,0.01,0.98,other,0,0.1,0.04,0.04,0.81,0.97,1,U,,
2108663986401202506,TarekTarabichi,https://x.com/TarekTarabichi/status/2108663986401202506,3,neutral_or_unclear,0.01,0,0.99,other,0,0.01,0.46,0.03,0.5,0.86,1,U,,
2108651526361338126,RealFreakinNews,https://x.com/RealFreakinNews/status/2108651526361338126,3,neutral_or_unclear,0,0.01,0.99,other,0,0.01,0.13,0.05,0.81,0.94,1,U,,
2108678895608226208,InternetH0F,https://x.com/InternetH0F/status/2108678895608226208,3,neutral_or_unclear,0,0,1,other,0,0,0.17,0.01,0.82,0.92,1,U,,
2108631361691308063,SovereignAcumen,https://x.com/SovereignAcumen/status/2108631361691308063,3,neutral_or_unclear,0.01,0.02,0.97,other,0,0.06,0.09,0,0.85,0.95,1,U,,
2108685239413350835,ViralBaseHub,https://x.com/ViralBaseHub/status/2108685239413350835,3,support,0.7,0,0.3,other,0,0.01,0.27,0.1,0.62,0.96,1,U,,
2108642796680929396,som_dutt_,https://x.com/som_dutt_/status/2108642796680929396,3,oppose,0.27,0.49,0.24,support_model_welfare,0.23,0.02,0.53,0,0.22,0.95,1,U,,
2108691513790324999,HaseebSagheer2,https://x.com/HaseebSagheer2/status/2108691513790324999,3,neutral_or_unclear,0,0.03,0.97,other,0.01,0,0.03,0.03,0.9299999999999999,0.95,1,C,,
2108629890023231701,nav_gpt,https://x.com/nav_gpt/status/2108629890023231701,3,oppose,0,0.96,0.04,oppose_overreach,0.25,0.46,0.03,0,0.26,0.96,1,U,,
2108707326953759154,RileyRalmuto,https://x.com/RileyRalmuto/status/2108707326953759154,3,oppose,0.22,0.71,0.07,oppose_overreach,0.17,0.73,0,0,0.1,0.87,1,U,S,hand
2108737581114364315,Milo_AIx,https://x.com/Milo_AIx/status/2108737581114364315,3,neutral_or_unclear,0.36,0.25,0.39,oppose_overreach,0.11,0.58,0.02,0.01,0.28,0.95,1,U,,
2108659304869834970,NamaCitta,https://x.com/NamaCitta/status/2108659304869834970,3,oppose,0.02,0.97,0.01,oppose_overreach,0.34,0.42,0.1,0,0.14,0.61,1,U,,
2108765513295753669,indexx___,https://x.com/indexx___/status/2108765513295753669,3,support,0.79,0.07,0.14,oppose_absurd,0.58,0,0,0.33,0.09,0.59,1,R,,
2108632059820249357,HubrisnxsBrian,https://x.com/HubrisnxsBrian/status/2108632059820249357,3,support,0.91,0.06,0.03,support_user_character,0,0,0.01,0.99,0,0.51,1,R,,
2108717766374981798,thundernuggy,https://x.com/thundernuggy/status/2108717766374981798,3,support,1,0,0,support_user_character,0,0,0,0.99,0.01,0.79,1,R,,
2108677550524580187,mysticsandmuons,https://x.com/mysticsandmuons/status/2108677550524580187,3,support,0.88,0.04,0.08,support_user_character,0,0,0.12,0.88,0,0.47,0,S,,
2108639244684283945,johnny_ver_2,https://x.com/johnny_ver_2/status/2108639244684283945,3,oppose,0.02,0.96,0.02,oppose_absurd,0.91,0.02,0.06,0,0.01,0.51,1,U,,
2108669236394807755,julianweisser,https://x.com/julianweisser/status/2108669236394807755,3,support,0.99,0,0.01,support_user_character,0,0,0,1,0,0.79,1,U,,
